gs://demo-cifar10-dataset-1012/span-2/airplane/1854.jpg,airplane
gs://demo-cifar10-dataset-1012/span-2/airplane/4500.jpg,airplane
gs://demo-cifar10-dataset-1012/span-2/airplane/0833.jpg,airplane
gs://demo-cifar10-dataset-1012/span-2/airplane/4594.jpg,airplane
gs://demo-cifar10-dataset-1012/span-2/airplane/1668.jpg,airplane
gs://demo-cifar10-dataset-1012/span-2/airplane/3133.jpg,airplane
gs://demo-cifar10-dataset-1012/span-2/airplane/3508.jpg,airplane
gs://demo-cifar10-dataset-1012/span-2/airplane/3864.jpg,airplane
gs://demo-cifar10-dataset-1012/span-2/airplane/2573.jpg,airplane
gs://demo-cifar10-dataset-1012/span-2/airplane/4275.jpg,airplane
gs://demo-cifar10-dataset-1012/span-2/airplane/2925.jpg,airplane
gs://demo-cifar10-dataset-1012/span-2/airplane/2781.jpg,airplane
gs://demo-cifar10-dataset-1012/span-2/airplane/3696.jpg,airplane
gs://demo-cifar10-dataset-1012/span-2/airplane/1424.jpg,airplane
gs://demo-cifar10-dataset-1012/span-2/airplane/4391.jpg,airplane
gs://demo-cifar10-dataset-1012/span-2/airplane/3366.jpg,airplane
gs://demo-cifar10-dataset-1012/span-2/airplane/0904.jpg,airplane
gs://demo-cifar10-dataset-1012/span-2/airplane/0081.jpg,airplane
gs://demo-cifar10-dataset-1012/span-2/airplane/0508.jpg,airplane
gs://demo-cifar10-dataset-1012/span-2/airplane/2264.jpg,airplane
gs://demo-cifar10-dataset-1012/span-2/airplane/1683.jpg,airplane
gs://demo-cifar10-dataset-1012/span-2/airplane/0107.jpg,airplane
gs://demo-cifar10-dataset-1012/span-2/airplane/0135.jpg,airplane
gs://demo-cifar10-dataset-1012/span-2/airplane/0510.jpg,airplane
gs://demo-cifar10-dataset-1012/span-2/airplane/2868.jpg,airplane
gs://demo-cifar10-dataset-1012/span-2/airplane/0300.jpg,airplane
gs://demo-cifar10-dataset-1012/span-2/airplane/3111.jpg,airplane
gs://demo-cifar10-dataset-1012/span-2/airplane/1090.jpg,airplane
gs://demo-cifar10-dataset-1012/span-2/airplane/2000.jpg,airplane
gs://demo-cifar10-dataset-1012/span-2/airplane/0636.jpg,airplane
gs://demo-cifar10-dataset-1012/span-2/airplane/4090.jpg,airplane
gs://demo-cifar10-dataset-1012/span-2/airplane/0485.jpg,airplane
gs://demo-cifar10-dataset-1012/span-2/airplane/2314.jpg,airplane
gs://demo-cifar10-dataset-1012/span-2/airplane/0414.jpg,airplane
gs://demo-cifar10-dataset-1012/span-2/airplane/0330.jpg,airplane
gs://demo-cifar10-dataset-1012/span-2/airplane/1560.jpg,airplane
gs://demo-cifar10-dataset-1012/span-2/airplane/2814.jpg,airplane
gs://demo-cifar10-dataset-1012/span-2/airplane/1054.jpg,airplane
gs://demo-cifar10-dataset-1012/span-2/airplane/4221.jpg,airplane
gs://demo-cifar10-dataset-1012/span-2/airplane/1632.jpg,airplane
gs://demo-cifar10-dataset-1012/span-2/airplane/0206.jpg,airplane
gs://demo-cifar10-dataset-1012/span-2/airplane/1475.jpg,airplane
gs://demo-cifar10-dataset-1012/span-2/airplane/1309.jpg,airplane
gs://demo-cifar10-dataset-1012/span-2/airplane/3699.jpg,airplane
gs://demo-cifar10-dataset-1012/span-2/airplane/0355.jpg,airplane
gs://demo-cifar10-dataset-1012/span-2/airplane/1490.jpg,airplane
gs://demo-cifar10-dataset-1012/span-2/airplane/1078.jpg,airplane
gs://demo-cifar10-dataset-1012/span-2/airplane/4808.jpg,airplane
gs://demo-cifar10-dataset-1012/span-2/airplane/1629.jpg,airplane
gs://demo-cifar10-dataset-1012/span-2/airplane/4882.jpg,airplane
gs://demo-cifar10-dataset-1012/span-2/airplane/3144.jpg,airplane
gs://demo-cifar10-dataset-1012/span-2/airplane/1390.jpg,airplane
gs://demo-cifar10-dataset-1012/span-2/airplane/3178.jpg,airplane
gs://demo-cifar10-dataset-1012/span-2/airplane/2943.jpg,airplane
gs://demo-cifar10-dataset-1012/span-2/airplane/4859.jpg,airplane
gs://demo-cifar10-dataset-1012/span-2/airplane/0342.jpg,airplane
gs://demo-cifar10-dataset-1012/span-2/airplane/0619.jpg,airplane
gs://demo-cifar10-dataset-1012/span-2/airplane/4536.jpg,airplane
gs://demo-cifar10-dataset-1012/span-2/airplane/4043.jpg,airplane
gs://demo-cifar10-dataset-1012/span-2/airplane/0538.jpg,airplane
gs://demo-cifar10-dataset-1012/span-2/airplane/4298.jpg,airplane
gs://demo-cifar10-dataset-1012/span-2/airplane/3035.jpg,airplane
gs://demo-cifar10-dataset-1012/span-2/airplane/3468.jpg,airplane
gs://demo-cifar10-dataset-1012/span-2/airplane/4392.jpg,airplane
gs://demo-cifar10-dataset-1012/span-2/airplane/0305.jpg,airplane
gs://demo-cifar10-dataset-1012/span-2/airplane/1517.jpg,airplane
gs://demo-cifar10-dataset-1012/span-2/airplane/3188.jpg,airplane
gs://demo-cifar10-dataset-1012/span-2/airplane/4854.jpg,airplane
gs://demo-cifar10-dataset-1012/span-2/airplane/1510.jpg,airplane
gs://demo-cifar10-dataset-1012/span-2/airplane/4022.jpg,airplane
gs://demo-cifar10-dataset-1012/span-2/airplane/4754.jpg,airplane
gs://demo-cifar10-dataset-1012/span-2/airplane/2992.jpg,airplane
gs://demo-cifar10-dataset-1012/span-2/airplane/0204.jpg,airplane
gs://demo-cifar10-dataset-1012/span-2/airplane/0160.jpg,airplane
gs://demo-cifar10-dataset-1012/span-2/airplane/3969.jpg,airplane
gs://demo-cifar10-dataset-1012/span-2/airplane/2956.jpg,airplane
gs://demo-cifar10-dataset-1012/span-2/airplane/4046.jpg,airplane
gs://demo-cifar10-dataset-1012/span-2/airplane/1056.jpg,airplane
gs://demo-cifar10-dataset-1012/span-2/airplane/3212.jpg,airplane
gs://demo-cifar10-dataset-1012/span-2/airplane/2273.jpg,airplane
gs://demo-cifar10-dataset-1012/span-2/airplane/3166.jpg,airplane
gs://demo-cifar10-dataset-1012/span-2/airplane/4078.jpg,airplane
gs://demo-cifar10-dataset-1012/span-2/airplane/4103.jpg,airplane
gs://demo-cifar10-dataset-1012/span-2/airplane/4518.jpg,airplane
gs://demo-cifar10-dataset-1012/span-2/airplane/2557.jpg,airplane
gs://demo-cifar10-dataset-1012/span-2/airplane/3590.jpg,airplane
gs://demo-cifar10-dataset-1012/span-2/airplane/0230.jpg,airplane
gs://demo-cifar10-dataset-1012/span-2/airplane/0736.jpg,airplane
gs://demo-cifar10-dataset-1012/span-2/airplane/3981.jpg,airplane
gs://demo-cifar10-dataset-1012/span-2/airplane/0234.jpg,airplane
gs://demo-cifar10-dataset-1012/span-2/airplane/2019.jpg,airplane
gs://demo-cifar10-dataset-1012/span-2/airplane/4976.jpg,airplane
gs://demo-cifar10-dataset-1012/span-2/airplane/2676.jpg,airplane
gs://demo-cifar10-dataset-1012/span-2/airplane/3164.jpg,airplane
gs://demo-cifar10-dataset-1012/span-2/airplane/2214.jpg,airplane
gs://demo-cifar10-dataset-1012/span-2/airplane/1101.jpg,airplane
gs://demo-cifar10-dataset-1012/span-2/airplane/3259.jpg,airplane
gs://demo-cifar10-dataset-1012/span-2/airplane/3995.jpg,airplane
gs://demo-cifar10-dataset-1012/span-2/airplane/2850.jpg,airplane
gs://demo-cifar10-dataset-1012/span-2/airplane/2438.jpg,airplane
gs://demo-cifar10-dataset-1012/span-2/airplane/1341.jpg,airplane
gs://demo-cifar10-dataset-1012/span-2/airplane/1329.jpg,airplane
gs://demo-cifar10-dataset-1012/span-2/airplane/4708.jpg,airplane
gs://demo-cifar10-dataset-1012/span-2/airplane/1395.jpg,airplane
gs://demo-cifar10-dataset-1012/span-2/airplane/1257.jpg,airplane
gs://demo-cifar10-dataset-1012/span-2/airplane/1211.jpg,airplane
gs://demo-cifar10-dataset-1012/span-2/airplane/4516.jpg,airplane
gs://demo-cifar10-dataset-1012/span-2/airplane/3176.jpg,airplane
gs://demo-cifar10-dataset-1012/span-2/airplane/0115.jpg,airplane
gs://demo-cifar10-dataset-1012/span-2/airplane/3423.jpg,airplane
gs://demo-cifar10-dataset-1012/span-2/airplane/1730.jpg,airplane
gs://demo-cifar10-dataset-1012/span-2/airplane/3032.jpg,airplane
gs://demo-cifar10-dataset-1012/span-2/airplane/0228.jpg,airplane
gs://demo-cifar10-dataset-1012/span-2/airplane/2840.jpg,airplane
gs://demo-cifar10-dataset-1012/span-2/airplane/2618.jpg,airplane
gs://demo-cifar10-dataset-1012/span-2/airplane/0104.jpg,airplane
gs://demo-cifar10-dataset-1012/span-2/airplane/2599.jpg,airplane
gs://demo-cifar10-dataset-1012/span-2/airplane/3220.jpg,airplane
gs://demo-cifar10-dataset-1012/span-2/airplane/3600.jpg,airplane
gs://demo-cifar10-dataset-1012/span-2/airplane/0575.jpg,airplane
gs://demo-cifar10-dataset-1012/span-2/airplane/2240.jpg,airplane
gs://demo-cifar10-dataset-1012/span-2/airplane/0511.jpg,airplane
gs://demo-cifar10-dataset-1012/span-2/airplane/0877.jpg,airplane
gs://demo-cifar10-dataset-1012/span-2/airplane/3666.jpg,airplane
gs://demo-cifar10-dataset-1012/span-2/airplane/0998.jpg,airplane
gs://demo-cifar10-dataset-1012/span-2/airplane/0723.jpg,airplane
gs://demo-cifar10-dataset-1012/span-2/airplane/1332.jpg,airplane
gs://demo-cifar10-dataset-1012/span-2/airplane/2647.jpg,airplane
gs://demo-cifar10-dataset-1012/span-2/airplane/4052.jpg,airplane
gs://demo-cifar10-dataset-1012/span-2/airplane/0498.jpg,airplane
gs://demo-cifar10-dataset-1012/span-2/airplane/3107.jpg,airplane
gs://demo-cifar10-dataset-1012/span-2/airplane/3486.jpg,airplane
gs://demo-cifar10-dataset-1012/span-2/airplane/0651.jpg,airplane
gs://demo-cifar10-dataset-1012/span-2/airplane/2812.jpg,airplane
gs://demo-cifar10-dataset-1012/span-2/airplane/1126.jpg,airplane
gs://demo-cifar10-dataset-1012/span-2/airplane/2608.jpg,airplane
gs://demo-cifar10-dataset-1012/span-2/airplane/4202.jpg,airplane
gs://demo-cifar10-dataset-1012/span-2/airplane/2281.jpg,airplane
gs://demo-cifar10-dataset-1012/span-2/airplane/0972.jpg,airplane
gs://demo-cifar10-dataset-1012/span-2/airplane/1099.jpg,airplane
gs://demo-cifar10-dataset-1012/span-2/airplane/4934.jpg,airplane
gs://demo-cifar10-dataset-1012/span-2/airplane/1748.jpg,airplane
gs://demo-cifar10-dataset-1012/span-2/airplane/3131.jpg,airplane
gs://demo-cifar10-dataset-1012/span-2/airplane/0885.jpg,airplane
gs://demo-cifar10-dataset-1012/span-2/airplane/0907.jpg,airplane
gs://demo-cifar10-dataset-1012/span-2/airplane/2248.jpg,airplane
gs://demo-cifar10-dataset-1012/span-2/airplane/0313.jpg,airplane
gs://demo-cifar10-dataset-1012/span-2/airplane/2622.jpg,airplane
gs://demo-cifar10-dataset-1012/span-2/airplane/3579.jpg,airplane
gs://demo-cifar10-dataset-1012/span-2/airplane/2448.jpg,airplane
gs://demo-cifar10-dataset-1012/span-2/airplane/3712.jpg,airplane
gs://demo-cifar10-dataset-1012/span-2/airplane/0695.jpg,airplane
gs://demo-cifar10-dataset-1012/span-2/airplane/1902.jpg,airplane
gs://demo-cifar10-dataset-1012/span-2/airplane/3537.jpg,airplane
gs://demo-cifar10-dataset-1012/span-2/airplane/3913.jpg,airplane
gs://demo-cifar10-dataset-1012/span-2/airplane/1350.jpg,airplane
gs://demo-cifar10-dataset-1012/span-2/airplane/3705.jpg,airplane
gs://demo-cifar10-dataset-1012/span-2/airplane/0338.jpg,airplane
gs://demo-cifar10-dataset-1012/span-2/airplane/2820.jpg,airplane
gs://demo-cifar10-dataset-1012/span-2/airplane/2298.jpg,airplane
gs://demo-cifar10-dataset-1012/span-2/airplane/0792.jpg,airplane
gs://demo-cifar10-dataset-1012/span-2/airplane/2842.jpg,airplane
gs://demo-cifar10-dataset-1012/span-2/airplane/1878.jpg,airplane
gs://demo-cifar10-dataset-1012/span-2/airplane/3014.jpg,airplane
gs://demo-cifar10-dataset-1012/span-2/airplane/2949.jpg,airplane
gs://demo-cifar10-dataset-1012/span-2/airplane/0082.jpg,airplane
gs://demo-cifar10-dataset-1012/span-2/airplane/4562.jpg,airplane
gs://demo-cifar10-dataset-1012/span-2/airplane/2178.jpg,airplane
gs://demo-cifar10-dataset-1012/span-2/airplane/1483.jpg,airplane
gs://demo-cifar10-dataset-1012/span-2/airplane/1206.jpg,airplane
gs://demo-cifar10-dataset-1012/span-2/airplane/1224.jpg,airplane
gs://demo-cifar10-dataset-1012/span-2/airplane/4977.jpg,airplane
gs://demo-cifar10-dataset-1012/span-2/airplane/4775.jpg,airplane
gs://demo-cifar10-dataset-1012/span-2/airplane/0043.jpg,airplane
gs://demo-cifar10-dataset-1012/span-2/airplane/1507.jpg,airplane
gs://demo-cifar10-dataset-1012/span-2/airplane/2181.jpg,airplane
gs://demo-cifar10-dataset-1012/span-2/airplane/4012.jpg,airplane
gs://demo-cifar10-dataset-1012/span-2/airplane/2785.jpg,airplane
gs://demo-cifar10-dataset-1012/span-2/airplane/3200.jpg,airplane
gs://demo-cifar10-dataset-1012/span-2/airplane/3335.jpg,airplane
gs://demo-cifar10-dataset-1012/span-2/airplane/4546.jpg,airplane
gs://demo-cifar10-dataset-1012/span-2/airplane/1473.jpg,airplane
gs://demo-cifar10-dataset-1012/span-2/airplane/1564.jpg,airplane
gs://demo-cifar10-dataset-1012/span-2/airplane/0049.jpg,airplane
gs://demo-cifar10-dataset-1012/span-2/airplane/4965.jpg,airplane
gs://demo-cifar10-dataset-1012/span-2/airplane/1397.jpg,airplane
gs://demo-cifar10-dataset-1012/span-2/airplane/1138.jpg,airplane
gs://demo-cifar10-dataset-1012/span-2/airplane/0336.jpg,airplane
gs://demo-cifar10-dataset-1012/span-2/airplane/2163.jpg,airplane
gs://demo-cifar10-dataset-1012/span-2/airplane/1069.jpg,airplane
gs://demo-cifar10-dataset-1012/span-2/airplane/2211.jpg,airplane
gs://demo-cifar10-dataset-1012/span-2/airplane/1324.jpg,airplane
gs://demo-cifar10-dataset-1012/span-2/airplane/4577.jpg,airplane
gs://demo-cifar10-dataset-1012/span-2/airplane/0757.jpg,airplane
gs://demo-cifar10-dataset-1012/span-2/airplane/4716.jpg,airplane
gs://demo-cifar10-dataset-1012/span-2/airplane/3592.jpg,airplane
gs://demo-cifar10-dataset-1012/span-2/airplane/2933.jpg,airplane
gs://demo-cifar10-dataset-1012/span-2/airplane/1529.jpg,airplane
gs://demo-cifar10-dataset-1012/span-2/airplane/1866.jpg,airplane
gs://demo-cifar10-dataset-1012/span-2/airplane/4179.jpg,airplane
gs://demo-cifar10-dataset-1012/span-2/automobile/2079.jpg,automobile
gs://demo-cifar10-dataset-1012/span-2/automobile/3297.jpg,automobile
gs://demo-cifar10-dataset-1012/span-2/automobile/1438.jpg,automobile
gs://demo-cifar10-dataset-1012/span-2/automobile/4422.jpg,automobile
gs://demo-cifar10-dataset-1012/span-2/automobile/1176.jpg,automobile
gs://demo-cifar10-dataset-1012/span-2/automobile/3999.jpg,automobile
gs://demo-cifar10-dataset-1012/span-2/automobile/3376.jpg,automobile
gs://demo-cifar10-dataset-1012/span-2/automobile/4856.jpg,automobile
gs://demo-cifar10-dataset-1012/span-2/automobile/4516.jpg,automobile
gs://demo-cifar10-dataset-1012/span-2/automobile/4854.jpg,automobile
gs://demo-cifar10-dataset-1012/span-2/automobile/2833.jpg,automobile
gs://demo-cifar10-dataset-1012/span-2/automobile/1777.jpg,automobile
gs://demo-cifar10-dataset-1012/span-2/automobile/0534.jpg,automobile
gs://demo-cifar10-dataset-1012/span-2/automobile/0568.jpg,automobile
gs://demo-cifar10-dataset-1012/span-2/automobile/3364.jpg,automobile
gs://demo-cifar10-dataset-1012/span-2/automobile/3832.jpg,automobile
gs://demo-cifar10-dataset-1012/span-2/automobile/1510.jpg,automobile
gs://demo-cifar10-dataset-1012/span-2/automobile/3424.jpg,automobile
gs://demo-cifar10-dataset-1012/span-2/automobile/3129.jpg,automobile
gs://demo-cifar10-dataset-1012/span-2/automobile/0907.jpg,automobile
gs://demo-cifar10-dataset-1012/span-2/automobile/2676.jpg,automobile
gs://demo-cifar10-dataset-1012/span-2/automobile/0027.jpg,automobile
gs://demo-cifar10-dataset-1012/span-2/automobile/2982.jpg,automobile
gs://demo-cifar10-dataset-1012/span-2/automobile/0956.jpg,automobile
gs://demo-cifar10-dataset-1012/span-2/automobile/2624.jpg,automobile
gs://demo-cifar10-dataset-1012/span-2/automobile/4327.jpg,automobile
gs://demo-cifar10-dataset-1012/span-2/automobile/0362.jpg,automobile
gs://demo-cifar10-dataset-1012/span-2/automobile/3837.jpg,automobile
gs://demo-cifar10-dataset-1012/span-2/automobile/4013.jpg,automobile
gs://demo-cifar10-dataset-1012/span-2/automobile/4242.jpg,automobile
gs://demo-cifar10-dataset-1012/span-2/automobile/4262.jpg,automobile
gs://demo-cifar10-dataset-1012/span-2/automobile/3864.jpg,automobile
gs://demo-cifar10-dataset-1012/span-2/automobile/1497.jpg,automobile
gs://demo-cifar10-dataset-1012/span-2/automobile/4791.jpg,automobile
gs://demo-cifar10-dataset-1012/span-2/automobile/0185.jpg,automobile
gs://demo-cifar10-dataset-1012/span-2/automobile/2693.jpg,automobile
gs://demo-cifar10-dataset-1012/span-2/automobile/0624.jpg,automobile
gs://demo-cifar10-dataset-1012/span-2/automobile/0769.jpg,automobile
gs://demo-cifar10-dataset-1012/span-2/automobile/0806.jpg,automobile
gs://demo-cifar10-dataset-1012/span-2/automobile/0732.jpg,automobile
gs://demo-cifar10-dataset-1012/span-2/automobile/4026.jpg,automobile
gs://demo-cifar10-dataset-1012/span-2/automobile/4240.jpg,automobile
gs://demo-cifar10-dataset-1012/span-2/automobile/4610.jpg,automobile
gs://demo-cifar10-dataset-1012/span-2/automobile/0068.jpg,automobile
gs://demo-cifar10-dataset-1012/span-2/automobile/0393.jpg,automobile
gs://demo-cifar10-dataset-1012/span-2/automobile/4372.jpg,automobile
gs://demo-cifar10-dataset-1012/span-2/automobile/1043.jpg,automobile
gs://demo-cifar10-dataset-1012/span-2/automobile/2006.jpg,automobile
gs://demo-cifar10-dataset-1012/span-2/automobile/0821.jpg,automobile
gs://demo-cifar10-dataset-1012/span-2/automobile/0587.jpg,automobile
gs://demo-cifar10-dataset-1012/span-2/automobile/1122.jpg,automobile
gs://demo-cifar10-dataset-1012/span-2/automobile/2372.jpg,automobile
gs://demo-cifar10-dataset-1012/span-2/automobile/0785.jpg,automobile
gs://demo-cifar10-dataset-1012/span-2/automobile/0118.jpg,automobile
gs://demo-cifar10-dataset-1012/span-2/automobile/4118.jpg,automobile
gs://demo-cifar10-dataset-1012/span-2/automobile/0942.jpg,automobile
gs://demo-cifar10-dataset-1012/span-2/automobile/2500.jpg,automobile
gs://demo-cifar10-dataset-1012/span-2/automobile/4645.jpg,automobile
gs://demo-cifar10-dataset-1012/span-2/automobile/1945.jpg,automobile
gs://demo-cifar10-dataset-1012/span-2/automobile/4112.jpg,automobile
gs://demo-cifar10-dataset-1012/span-2/automobile/2293.jpg,automobile
gs://demo-cifar10-dataset-1012/span-2/automobile/4120.jpg,automobile
gs://demo-cifar10-dataset-1012/span-2/automobile/3341.jpg,automobile
gs://demo-cifar10-dataset-1012/span-2/automobile/3643.jpg,automobile
gs://demo-cifar10-dataset-1012/span-2/automobile/4589.jpg,automobile
gs://demo-cifar10-dataset-1012/span-2/automobile/4705.jpg,automobile
gs://demo-cifar10-dataset-1012/span-2/automobile/2095.jpg,automobile
gs://demo-cifar10-dataset-1012/span-2/automobile/0643.jpg,automobile
gs://demo-cifar10-dataset-1012/span-2/automobile/3486.jpg,automobile
gs://demo-cifar10-dataset-1012/span-2/automobile/2427.jpg,automobile
gs://demo-cifar10-dataset-1012/span-2/automobile/2447.jpg,automobile
gs://demo-cifar10-dataset-1012/span-2/automobile/4764.jpg,automobile
gs://demo-cifar10-dataset-1012/span-2/automobile/2914.jpg,automobile
gs://demo-cifar10-dataset-1012/span-2/automobile/3442.jpg,automobile
gs://demo-cifar10-dataset-1012/span-2/automobile/0000.jpg,automobile
gs://demo-cifar10-dataset-1012/span-2/automobile/0570.jpg,automobile
gs://demo-cifar10-dataset-1012/span-2/automobile/2583.jpg,automobile
gs://demo-cifar10-dataset-1012/span-2/automobile/1733.jpg,automobile
gs://demo-cifar10-dataset-1012/span-2/automobile/1405.jpg,automobile
gs://demo-cifar10-dataset-1012/span-2/automobile/0349.jpg,automobile
gs://demo-cifar10-dataset-1012/span-2/automobile/1674.jpg,automobile
gs://demo-cifar10-dataset-1012/span-2/automobile/0204.jpg,automobile
gs://demo-cifar10-dataset-1012/span-2/automobile/1406.jpg,automobile
gs://demo-cifar10-dataset-1012/span-2/automobile/3205.jpg,automobile
gs://demo-cifar10-dataset-1012/span-2/automobile/4785.jpg,automobile
gs://demo-cifar10-dataset-1012/span-2/automobile/0884.jpg,automobile
gs://demo-cifar10-dataset-1012/span-2/automobile/2424.jpg,automobile
gs://demo-cifar10-dataset-1012/span-2/automobile/0012.jpg,automobile
gs://demo-cifar10-dataset-1012/span-2/automobile/0966.jpg,automobile
gs://demo-cifar10-dataset-1012/span-2/automobile/4533.jpg,automobile
gs://demo-cifar10-dataset-1012/span-2/automobile/2519.jpg,automobile
gs://demo-cifar10-dataset-1012/span-2/automobile/2496.jpg,automobile
gs://demo-cifar10-dataset-1012/span-2/automobile/2072.jpg,automobile
gs://demo-cifar10-dataset-1012/span-2/automobile/0567.jpg,automobile
gs://demo-cifar10-dataset-1012/span-2/automobile/1503.jpg,automobile
gs://demo-cifar10-dataset-1012/span-2/automobile/4991.jpg,automobile
gs://demo-cifar10-dataset-1012/span-2/automobile/0935.jpg,automobile
gs://demo-cifar10-dataset-1012/span-2/automobile/2590.jpg,automobile
gs://demo-cifar10-dataset-1012/span-2/automobile/3485.jpg,automobile
gs://demo-cifar10-dataset-1012/span-2/automobile/2903.jpg,automobile
gs://demo-cifar10-dataset-1012/span-2/automobile/4994.jpg,automobile
gs://demo-cifar10-dataset-1012/span-2/automobile/0088.jpg,automobile
gs://demo-cifar10-dataset-1012/span-2/automobile/0101.jpg,automobile
gs://demo-cifar10-dataset-1012/span-2/automobile/3396.jpg,automobile
gs://demo-cifar10-dataset-1012/span-2/automobile/3271.jpg,automobile
gs://demo-cifar10-dataset-1012/span-2/automobile/2171.jpg,automobile
gs://demo-cifar10-dataset-1012/span-2/automobile/3147.jpg,automobile
gs://demo-cifar10-dataset-1012/span-2/automobile/0417.jpg,automobile
gs://demo-cifar10-dataset-1012/span-2/automobile/4630.jpg,automobile
gs://demo-cifar10-dataset-1012/span-2/automobile/1044.jpg,automobile
gs://demo-cifar10-dataset-1012/span-2/automobile/3284.jpg,automobile
gs://demo-cifar10-dataset-1012/span-2/automobile/4743.jpg,automobile
gs://demo-cifar10-dataset-1012/span-2/automobile/3547.jpg,automobile
gs://demo-cifar10-dataset-1012/span-2/automobile/2341.jpg,automobile
gs://demo-cifar10-dataset-1012/span-2/automobile/3127.jpg,automobile
gs://demo-cifar10-dataset-1012/span-2/automobile/1308.jpg,automobile
gs://demo-cifar10-dataset-1012/span-2/automobile/0566.jpg,automobile
gs://demo-cifar10-dataset-1012/span-2/automobile/2559.jpg,automobile
gs://demo-cifar10-dataset-1012/span-2/automobile/0960.jpg,automobile
gs://demo-cifar10-dataset-1012/span-2/automobile/3668.jpg,automobile
gs://demo-cifar10-dataset-1012/span-2/automobile/1229.jpg,automobile
gs://demo-cifar10-dataset-1012/span-2/automobile/1843.jpg,automobile
gs://demo-cifar10-dataset-1012/span-2/automobile/2003.jpg,automobile
gs://demo-cifar10-dataset-1012/span-2/automobile/1018.jpg,automobile
gs://demo-cifar10-dataset-1012/span-2/automobile/4565.jpg,automobile
gs://demo-cifar10-dataset-1012/span-2/automobile/4803.jpg,automobile
gs://demo-cifar10-dataset-1012/span-2/automobile/3321.jpg,automobile
gs://demo-cifar10-dataset-1012/span-2/automobile/3069.jpg,automobile
gs://demo-cifar10-dataset-1012/span-2/automobile/2629.jpg,automobile
gs://demo-cifar10-dataset-1012/span-2/automobile/0491.jpg,automobile
gs://demo-cifar10-dataset-1012/span-2/automobile/1884.jpg,automobile
gs://demo-cifar10-dataset-1012/span-2/automobile/3287.jpg,automobile
gs://demo-cifar10-dataset-1012/span-2/automobile/1498.jpg,automobile
gs://demo-cifar10-dataset-1012/span-2/automobile/3471.jpg,automobile
gs://demo-cifar10-dataset-1012/span-2/automobile/4288.jpg,automobile
gs://demo-cifar10-dataset-1012/span-2/automobile/2604.jpg,automobile
gs://demo-cifar10-dataset-1012/span-2/automobile/4366.jpg,automobile
gs://demo-cifar10-dataset-1012/span-2/automobile/4521.jpg,automobile
gs://demo-cifar10-dataset-1012/span-2/automobile/0517.jpg,automobile
gs://demo-cifar10-dataset-1012/span-2/automobile/4977.jpg,automobile
gs://demo-cifar10-dataset-1012/span-2/automobile/3750.jpg,automobile
gs://demo-cifar10-dataset-1012/span-2/automobile/4404.jpg,automobile
gs://demo-cifar10-dataset-1012/span-2/automobile/3080.jpg,automobile
gs://demo-cifar10-dataset-1012/span-2/automobile/3006.jpg,automobile
gs://demo-cifar10-dataset-1012/span-2/automobile/4631.jpg,automobile
gs://demo-cifar10-dataset-1012/span-2/automobile/2717.jpg,automobile
gs://demo-cifar10-dataset-1012/span-2/automobile/4813.jpg,automobile
gs://demo-cifar10-dataset-1012/span-2/automobile/2744.jpg,automobile
gs://demo-cifar10-dataset-1012/span-2/automobile/1820.jpg,automobile
gs://demo-cifar10-dataset-1012/span-2/automobile/4261.jpg,automobile
gs://demo-cifar10-dataset-1012/span-2/automobile/3586.jpg,automobile
gs://demo-cifar10-dataset-1012/span-2/automobile/1723.jpg,automobile
gs://demo-cifar10-dataset-1012/span-2/automobile/2759.jpg,automobile
gs://demo-cifar10-dataset-1012/span-2/automobile/0408.jpg,automobile
gs://demo-cifar10-dataset-1012/span-2/automobile/1086.jpg,automobile
gs://demo-cifar10-dataset-1012/span-2/automobile/3408.jpg,automobile
gs://demo-cifar10-dataset-1012/span-2/automobile/2489.jpg,automobile
gs://demo-cifar10-dataset-1012/span-2/automobile/4714.jpg,automobile
gs://demo-cifar10-dataset-1012/span-2/automobile/1811.jpg,automobile
gs://demo-cifar10-dataset-1012/span-2/automobile/0343.jpg,automobile
gs://demo-cifar10-dataset-1012/span-2/automobile/4555.jpg,automobile
gs://demo-cifar10-dataset-1012/span-2/automobile/2843.jpg,automobile
gs://demo-cifar10-dataset-1012/span-2/automobile/4534.jpg,automobile
gs://demo-cifar10-dataset-1012/span-2/automobile/4816.jpg,automobile
gs://demo-cifar10-dataset-1012/span-2/automobile/2595.jpg,automobile
gs://demo-cifar10-dataset-1012/span-2/automobile/3930.jpg,automobile
gs://demo-cifar10-dataset-1012/span-2/automobile/0412.jpg,automobile
gs://demo-cifar10-dataset-1012/span-2/automobile/1322.jpg,automobile
gs://demo-cifar10-dataset-1012/span-2/automobile/3281.jpg,automobile
gs://demo-cifar10-dataset-1012/span-2/automobile/0460.jpg,automobile
gs://demo-cifar10-dataset-1012/span-2/automobile/3144.jpg,automobile
gs://demo-cifar10-dataset-1012/span-2/automobile/1070.jpg,automobile
gs://demo-cifar10-dataset-1012/span-2/automobile/1189.jpg,automobile
gs://demo-cifar10-dataset-1012/span-2/automobile/4751.jpg,automobile
gs://demo-cifar10-dataset-1012/span-2/automobile/4350.jpg,automobile
gs://demo-cifar10-dataset-1012/span-2/automobile/4885.jpg,automobile
gs://demo-cifar10-dataset-1012/span-2/automobile/4283.jpg,automobile
gs://demo-cifar10-dataset-1012/span-2/automobile/0438.jpg,automobile
gs://demo-cifar10-dataset-1012/span-2/automobile/4001.jpg,automobile
gs://demo-cifar10-dataset-1012/span-2/automobile/3476.jpg,automobile
gs://demo-cifar10-dataset-1012/span-2/automobile/1341.jpg,automobile
gs://demo-cifar10-dataset-1012/span-2/automobile/3876.jpg,automobile
gs://demo-cifar10-dataset-1012/span-2/automobile/1475.jpg,automobile
gs://demo-cifar10-dataset-1012/span-2/automobile/1198.jpg,automobile
gs://demo-cifar10-dataset-1012/span-2/automobile/3964.jpg,automobile
gs://demo-cifar10-dataset-1012/span-2/automobile/2577.jpg,automobile
gs://demo-cifar10-dataset-1012/span-2/automobile/1891.jpg,automobile
gs://demo-cifar10-dataset-1012/span-2/automobile/1580.jpg,automobile
gs://demo-cifar10-dataset-1012/span-2/automobile/1263.jpg,automobile
gs://demo-cifar10-dataset-1012/span-2/automobile/4458.jpg,automobile
gs://demo-cifar10-dataset-1012/span-2/automobile/0223.jpg,automobile
gs://demo-cifar10-dataset-1012/span-2/automobile/1537.jpg,automobile
gs://demo-cifar10-dataset-1012/span-2/automobile/2733.jpg,automobile
gs://demo-cifar10-dataset-1012/span-2/automobile/1648.jpg,automobile
gs://demo-cifar10-dataset-1012/span-2/automobile/3434.jpg,automobile
gs://demo-cifar10-dataset-1012/span-2/automobile/1596.jpg,automobile
gs://demo-cifar10-dataset-1012/span-2/automobile/1268.jpg,automobile
gs://demo-cifar10-dataset-1012/span-2/automobile/4769.jpg,automobile
gs://demo-cifar10-dataset-1012/span-2/automobile/4503.jpg,automobile
gs://demo-cifar10-dataset-1012/span-2/automobile/2305.jpg,automobile
gs://demo-cifar10-dataset-1012/span-2/bird/2966.jpg,bird
gs://demo-cifar10-dataset-1012/span-2/bird/1953.jpg,bird
gs://demo-cifar10-dataset-1012/span-2/bird/0967.jpg,bird
gs://demo-cifar10-dataset-1012/span-2/bird/2805.jpg,bird
gs://demo-cifar10-dataset-1012/span-2/bird/3648.jpg,bird
gs://demo-cifar10-dataset-1012/span-2/bird/4776.jpg,bird
gs://demo-cifar10-dataset-1012/span-2/bird/1343.jpg,bird
gs://demo-cifar10-dataset-1012/span-2/bird/4754.jpg,bird
gs://demo-cifar10-dataset-1012/span-2/bird/1500.jpg,bird
gs://demo-cifar10-dataset-1012/span-2/bird/4305.jpg,bird
gs://demo-cifar10-dataset-1012/span-2/bird/0021.jpg,bird
gs://demo-cifar10-dataset-1012/span-2/bird/4933.jpg,bird
gs://demo-cifar10-dataset-1012/span-2/bird/0489.jpg,bird
gs://demo-cifar10-dataset-1012/span-2/bird/2531.jpg,bird
gs://demo-cifar10-dataset-1012/span-2/bird/4975.jpg,bird
gs://demo-cifar10-dataset-1012/span-2/bird/3455.jpg,bird
gs://demo-cifar10-dataset-1012/span-2/bird/1382.jpg,bird
gs://demo-cifar10-dataset-1012/span-2/bird/2814.jpg,bird
gs://demo-cifar10-dataset-1012/span-2/bird/0958.jpg,bird
gs://demo-cifar10-dataset-1012/span-2/bird/4639.jpg,bird
gs://demo-cifar10-dataset-1012/span-2/bird/3647.jpg,bird
gs://demo-cifar10-dataset-1012/span-2/bird/1420.jpg,bird
gs://demo-cifar10-dataset-1012/span-2/bird/0598.jpg,bird
gs://demo-cifar10-dataset-1012/span-2/bird/4481.jpg,bird
gs://demo-cifar10-dataset-1012/span-2/bird/4067.jpg,bird
gs://demo-cifar10-dataset-1012/span-2/bird/0411.jpg,bird
gs://demo-cifar10-dataset-1012/span-2/bird/4312.jpg,bird
gs://demo-cifar10-dataset-1012/span-2/bird/2978.jpg,bird
gs://demo-cifar10-dataset-1012/span-2/bird/0590.jpg,bird
gs://demo-cifar10-dataset-1012/span-2/bird/1955.jpg,bird
gs://demo-cifar10-dataset-1012/span-2/bird/2416.jpg,bird
gs://demo-cifar10-dataset-1012/span-2/bird/3156.jpg,bird
gs://demo-cifar10-dataset-1012/span-2/bird/1355.jpg,bird
gs://demo-cifar10-dataset-1012/span-2/bird/2532.jpg,bird
gs://demo-cifar10-dataset-1012/span-2/bird/0553.jpg,bird
gs://demo-cifar10-dataset-1012/span-2/bird/0700.jpg,bird
gs://demo-cifar10-dataset-1012/span-2/bird/0980.jpg,bird
gs://demo-cifar10-dataset-1012/span-2/bird/3077.jpg,bird
gs://demo-cifar10-dataset-1012/span-2/bird/0987.jpg,bird
gs://demo-cifar10-dataset-1012/span-2/bird/1624.jpg,bird
gs://demo-cifar10-dataset-1012/span-2/bird/0070.jpg,bird
gs://demo-cifar10-dataset-1012/span-2/bird/1552.jpg,bird
gs://demo-cifar10-dataset-1012/span-2/bird/3158.jpg,bird
gs://demo-cifar10-dataset-1012/span-2/bird/0536.jpg,bird
gs://demo-cifar10-dataset-1012/span-2/bird/0049.jpg,bird
gs://demo-cifar10-dataset-1012/span-2/bird/3835.jpg,bird
gs://demo-cifar10-dataset-1012/span-2/bird/1821.jpg,bird
gs://demo-cifar10-dataset-1012/span-2/bird/4733.jpg,bird
gs://demo-cifar10-dataset-1012/span-2/bird/0252.jpg,bird
gs://demo-cifar10-dataset-1012/span-2/bird/3175.jpg,bird
gs://demo-cifar10-dataset-1012/span-2/bird/2283.jpg,bird
gs://demo-cifar10-dataset-1012/span-2/bird/3802.jpg,bird
gs://demo-cifar10-dataset-1012/span-2/bird/2906.jpg,bird
gs://demo-cifar10-dataset-1012/span-2/bird/0959.jpg,bird
gs://demo-cifar10-dataset-1012/span-2/bird/3967.jpg,bird
gs://demo-cifar10-dataset-1012/span-2/bird/2788.jpg,bird
gs://demo-cifar10-dataset-1012/span-2/bird/2757.jpg,bird
gs://demo-cifar10-dataset-1012/span-2/bird/1334.jpg,bird
gs://demo-cifar10-dataset-1012/span-2/bird/3728.jpg,bird
gs://demo-cifar10-dataset-1012/span-2/bird/1600.jpg,bird
gs://demo-cifar10-dataset-1012/span-2/bird/0691.jpg,bird
gs://demo-cifar10-dataset-1012/span-2/bird/3443.jpg,bird
gs://demo-cifar10-dataset-1012/span-2/bird/1219.jpg,bird
gs://demo-cifar10-dataset-1012/span-2/bird/1736.jpg,bird
gs://demo-cifar10-dataset-1012/span-2/bird/0997.jpg,bird
gs://demo-cifar10-dataset-1012/span-2/bird/3767.jpg,bird
gs://demo-cifar10-dataset-1012/span-2/bird/2339.jpg,bird
gs://demo-cifar10-dataset-1012/span-2/bird/0410.jpg,bird
gs://demo-cifar10-dataset-1012/span-2/bird/1271.jpg,bird
gs://demo-cifar10-dataset-1012/span-2/bird/3644.jpg,bird
gs://demo-cifar10-dataset-1012/span-2/bird/4152.jpg,bird
gs://demo-cifar10-dataset-1012/span-2/bird/4319.jpg,bird
gs://demo-cifar10-dataset-1012/span-2/bird/0044.jpg,bird
gs://demo-cifar10-dataset-1012/span-2/bird/0979.jpg,bird
gs://demo-cifar10-dataset-1012/span-2/bird/0024.jpg,bird
gs://demo-cifar10-dataset-1012/span-2/bird/3015.jpg,bird
gs://demo-cifar10-dataset-1012/span-2/bird/2361.jpg,bird
gs://demo-cifar10-dataset-1012/span-2/bird/1150.jpg,bird
gs://demo-cifar10-dataset-1012/span-2/bird/0935.jpg,bird
gs://demo-cifar10-dataset-1012/span-2/bird/1823.jpg,bird
gs://demo-cifar10-dataset-1012/span-2/bird/2176.jpg,bird
gs://demo-cifar10-dataset-1012/span-2/bird/4458.jpg,bird
gs://demo-cifar10-dataset-1012/span-2/bird/1654.jpg,bird
gs://demo-cifar10-dataset-1012/span-2/bird/2651.jpg,bird
gs://demo-cifar10-dataset-1012/span-2/bird/4496.jpg,bird
gs://demo-cifar10-dataset-1012/span-2/bird/2501.jpg,bird
gs://demo-cifar10-dataset-1012/span-2/bird/3926.jpg,bird
gs://demo-cifar10-dataset-1012/span-2/bird/1328.jpg,bird
gs://demo-cifar10-dataset-1012/span-2/bird/0179.jpg,bird
gs://demo-cifar10-dataset-1012/span-2/bird/2844.jpg,bird
gs://demo-cifar10-dataset-1012/span-2/bird/2493.jpg,bird
gs://demo-cifar10-dataset-1012/span-2/bird/0282.jpg,bird
gs://demo-cifar10-dataset-1012/span-2/bird/4695.jpg,bird
gs://demo-cifar10-dataset-1012/span-2/bird/1012.jpg,bird
gs://demo-cifar10-dataset-1012/span-2/bird/4050.jpg,bird
gs://demo-cifar10-dataset-1012/span-2/bird/1399.jpg,bird
gs://demo-cifar10-dataset-1012/span-2/bird/4531.jpg,bird
gs://demo-cifar10-dataset-1012/span-2/bird/0975.jpg,bird
gs://demo-cifar10-dataset-1012/span-2/bird/2823.jpg,bird
gs://demo-cifar10-dataset-1012/span-2/bird/3839.jpg,bird
gs://demo-cifar10-dataset-1012/span-2/bird/0599.jpg,bird
gs://demo-cifar10-dataset-1012/span-2/bird/1655.jpg,bird
gs://demo-cifar10-dataset-1012/span-2/bird/2956.jpg,bird
gs://demo-cifar10-dataset-1012/span-2/bird/1251.jpg,bird
gs://demo-cifar10-dataset-1012/span-2/bird/3479.jpg,bird
gs://demo-cifar10-dataset-1012/span-2/bird/4812.jpg,bird
gs://demo-cifar10-dataset-1012/span-2/bird/4449.jpg,bird
gs://demo-cifar10-dataset-1012/span-2/bird/3557.jpg,bird
gs://demo-cifar10-dataset-1012/span-2/bird/0728.jpg,bird
gs://demo-cifar10-dataset-1012/span-2/bird/3011.jpg,bird
gs://demo-cifar10-dataset-1012/span-2/bird/0772.jpg,bird
gs://demo-cifar10-dataset-1012/span-2/bird/4578.jpg,bird
gs://demo-cifar10-dataset-1012/span-2/bird/4877.jpg,bird
gs://demo-cifar10-dataset-1012/span-2/bird/4522.jpg,bird
gs://demo-cifar10-dataset-1012/span-2/bird/1199.jpg,bird
gs://demo-cifar10-dataset-1012/span-2/bird/2628.jpg,bird
gs://demo-cifar10-dataset-1012/span-2/bird/0617.jpg,bird
gs://demo-cifar10-dataset-1012/span-2/bird/3919.jpg,bird
gs://demo-cifar10-dataset-1012/span-2/bird/3363.jpg,bird
gs://demo-cifar10-dataset-1012/span-2/bird/1265.jpg,bird
gs://demo-cifar10-dataset-1012/span-2/bird/4758.jpg,bird
gs://demo-cifar10-dataset-1012/span-2/bird/1072.jpg,bird
gs://demo-cifar10-dataset-1012/span-2/bird/1873.jpg,bird
gs://demo-cifar10-dataset-1012/span-2/bird/2057.jpg,bird
gs://demo-cifar10-dataset-1012/span-2/bird/2942.jpg,bird
gs://demo-cifar10-dataset-1012/span-2/bird/2539.jpg,bird
gs://demo-cifar10-dataset-1012/span-2/bird/2085.jpg,bird
gs://demo-cifar10-dataset-1012/span-2/bird/2505.jpg,bird
gs://demo-cifar10-dataset-1012/span-2/bird/1916.jpg,bird
gs://demo-cifar10-dataset-1012/span-2/bird/3836.jpg,bird
gs://demo-cifar10-dataset-1012/span-2/bird/0223.jpg,bird
gs://demo-cifar10-dataset-1012/span-2/bird/3505.jpg,bird
gs://demo-cifar10-dataset-1012/span-2/bird/0018.jpg,bird
gs://demo-cifar10-dataset-1012/span-2/bird/1212.jpg,bird
gs://demo-cifar10-dataset-1012/span-2/bird/1968.jpg,bird
gs://demo-cifar10-dataset-1012/span-2/bird/2459.jpg,bird
gs://demo-cifar10-dataset-1012/span-2/bird/1610.jpg,bird
gs://demo-cifar10-dataset-1012/span-2/bird/3706.jpg,bird
gs://demo-cifar10-dataset-1012/span-2/bird/3202.jpg,bird
gs://demo-cifar10-dataset-1012/span-2/bird/3522.jpg,bird
gs://demo-cifar10-dataset-1012/span-2/bird/4771.jpg,bird
gs://demo-cifar10-dataset-1012/span-2/bird/1429.jpg,bird
gs://demo-cifar10-dataset-1012/span-2/bird/1412.jpg,bird
gs://demo-cifar10-dataset-1012/span-2/bird/3491.jpg,bird
gs://demo-cifar10-dataset-1012/span-2/bird/2325.jpg,bird
gs://demo-cifar10-dataset-1012/span-2/bird/3697.jpg,bird
gs://demo-cifar10-dataset-1012/span-2/bird/0114.jpg,bird
gs://demo-cifar10-dataset-1012/span-2/bird/4240.jpg,bird
gs://demo-cifar10-dataset-1012/span-2/bird/0311.jpg,bird
gs://demo-cifar10-dataset-1012/span-2/bird/0674.jpg,bird
gs://demo-cifar10-dataset-1012/span-2/bird/1122.jpg,bird
gs://demo-cifar10-dataset-1012/span-2/bird/0688.jpg,bird
gs://demo-cifar10-dataset-1012/span-2/bird/4624.jpg,bird
gs://demo-cifar10-dataset-1012/span-2/bird/1788.jpg,bird
gs://demo-cifar10-dataset-1012/span-2/bird/2874.jpg,bird
gs://demo-cifar10-dataset-1012/span-2/bird/0995.jpg,bird
gs://demo-cifar10-dataset-1012/span-2/bird/0142.jpg,bird
gs://demo-cifar10-dataset-1012/span-2/bird/4834.jpg,bird
gs://demo-cifar10-dataset-1012/span-2/bird/2312.jpg,bird
gs://demo-cifar10-dataset-1012/span-2/bird/1415.jpg,bird
gs://demo-cifar10-dataset-1012/span-2/bird/3107.jpg,bird
gs://demo-cifar10-dataset-1012/span-2/bird/0816.jpg,bird
gs://demo-cifar10-dataset-1012/span-2/bird/4510.jpg,bird
gs://demo-cifar10-dataset-1012/span-2/bird/4182.jpg,bird
gs://demo-cifar10-dataset-1012/span-2/bird/0994.jpg,bird
gs://demo-cifar10-dataset-1012/span-2/bird/1643.jpg,bird
gs://demo-cifar10-dataset-1012/span-2/bird/3178.jpg,bird
gs://demo-cifar10-dataset-1012/span-2/bird/1723.jpg,bird
gs://demo-cifar10-dataset-1012/span-2/bird/2829.jpg,bird
gs://demo-cifar10-dataset-1012/span-2/bird/3526.jpg,bird
gs://demo-cifar10-dataset-1012/span-2/bird/4322.jpg,bird
gs://demo-cifar10-dataset-1012/span-2/bird/0355.jpg,bird
gs://demo-cifar10-dataset-1012/span-2/bird/4108.jpg,bird
gs://demo-cifar10-dataset-1012/span-2/bird/2704.jpg,bird
gs://demo-cifar10-dataset-1012/span-2/bird/0009.jpg,bird
gs://demo-cifar10-dataset-1012/span-2/bird/2308.jpg,bird
gs://demo-cifar10-dataset-1012/span-2/bird/0198.jpg,bird
gs://demo-cifar10-dataset-1012/span-2/bird/1183.jpg,bird
gs://demo-cifar10-dataset-1012/span-2/bird/3675.jpg,bird
gs://demo-cifar10-dataset-1012/span-2/bird/3716.jpg,bird
gs://demo-cifar10-dataset-1012/span-2/bird/1929.jpg,bird
gs://demo-cifar10-dataset-1012/span-2/bird/3713.jpg,bird
gs://demo-cifar10-dataset-1012/span-2/bird/2066.jpg,bird
gs://demo-cifar10-dataset-1012/span-2/bird/4149.jpg,bird
gs://demo-cifar10-dataset-1012/span-2/bird/0669.jpg,bird
gs://demo-cifar10-dataset-1012/span-2/bird/4621.jpg,bird
gs://demo-cifar10-dataset-1012/span-2/bird/3695.jpg,bird
gs://demo-cifar10-dataset-1012/span-2/bird/2265.jpg,bird
gs://demo-cifar10-dataset-1012/span-2/bird/1358.jpg,bird
gs://demo-cifar10-dataset-1012/span-2/bird/2198.jpg,bird
gs://demo-cifar10-dataset-1012/span-2/bird/4000.jpg,bird
gs://demo-cifar10-dataset-1012/span-2/bird/4023.jpg,bird
gs://demo-cifar10-dataset-1012/span-2/bird/4178.jpg,bird
gs://demo-cifar10-dataset-1012/span-2/bird/4575.jpg,bird
gs://demo-cifar10-dataset-1012/span-2/bird/2840.jpg,bird
gs://demo-cifar10-dataset-1012/span-2/bird/1828.jpg,bird
gs://demo-cifar10-dataset-1012/span-2/bird/2779.jpg,bird
gs://demo-cifar10-dataset-1012/span-2/bird/2689.jpg,bird
gs://demo-cifar10-dataset-1012/span-2/bird/1984.jpg,bird
gs://demo-cifar10-dataset-1012/span-2/bird/1793.jpg,bird
gs://demo-cifar10-dataset-1012/span-2/cat/4903.jpg,cat
gs://demo-cifar10-dataset-1012/span-2/cat/2961.jpg,cat
gs://demo-cifar10-dataset-1012/span-2/cat/1774.jpg,cat
gs://demo-cifar10-dataset-1012/span-2/cat/1942.jpg,cat
gs://demo-cifar10-dataset-1012/span-2/cat/2494.jpg,cat
gs://demo-cifar10-dataset-1012/span-2/cat/2810.jpg,cat
gs://demo-cifar10-dataset-1012/span-2/cat/4334.jpg,cat
gs://demo-cifar10-dataset-1012/span-2/cat/1955.jpg,cat
gs://demo-cifar10-dataset-1012/span-2/cat/1595.jpg,cat
gs://demo-cifar10-dataset-1012/span-2/cat/0920.jpg,cat
gs://demo-cifar10-dataset-1012/span-2/cat/0660.jpg,cat
gs://demo-cifar10-dataset-1012/span-2/cat/4706.jpg,cat
gs://demo-cifar10-dataset-1012/span-2/cat/4233.jpg,cat
gs://demo-cifar10-dataset-1012/span-2/cat/3421.jpg,cat
gs://demo-cifar10-dataset-1012/span-2/cat/1002.jpg,cat
gs://demo-cifar10-dataset-1012/span-2/cat/3516.jpg,cat
gs://demo-cifar10-dataset-1012/span-2/cat/1077.jpg,cat
gs://demo-cifar10-dataset-1012/span-2/cat/3456.jpg,cat
gs://demo-cifar10-dataset-1012/span-2/cat/1649.jpg,cat
gs://demo-cifar10-dataset-1012/span-2/cat/1941.jpg,cat
gs://demo-cifar10-dataset-1012/span-2/cat/0874.jpg,cat
gs://demo-cifar10-dataset-1012/span-2/cat/0643.jpg,cat
gs://demo-cifar10-dataset-1012/span-2/cat/3823.jpg,cat
gs://demo-cifar10-dataset-1012/span-2/cat/1094.jpg,cat
gs://demo-cifar10-dataset-1012/span-2/cat/3876.jpg,cat
gs://demo-cifar10-dataset-1012/span-2/cat/1478.jpg,cat
gs://demo-cifar10-dataset-1012/span-2/cat/3064.jpg,cat
gs://demo-cifar10-dataset-1012/span-2/cat/4301.jpg,cat
gs://demo-cifar10-dataset-1012/span-2/cat/0963.jpg,cat
gs://demo-cifar10-dataset-1012/span-2/cat/2582.jpg,cat
gs://demo-cifar10-dataset-1012/span-2/cat/3674.jpg,cat
gs://demo-cifar10-dataset-1012/span-2/cat/2744.jpg,cat
gs://demo-cifar10-dataset-1012/span-2/cat/1773.jpg,cat
gs://demo-cifar10-dataset-1012/span-2/cat/3943.jpg,cat
gs://demo-cifar10-dataset-1012/span-2/cat/1612.jpg,cat
gs://demo-cifar10-dataset-1012/span-2/cat/4537.jpg,cat
gs://demo-cifar10-dataset-1012/span-2/cat/1147.jpg,cat
gs://demo-cifar10-dataset-1012/span-2/cat/1971.jpg,cat
gs://demo-cifar10-dataset-1012/span-2/cat/2466.jpg,cat
gs://demo-cifar10-dataset-1012/span-2/cat/4157.jpg,cat
gs://demo-cifar10-dataset-1012/span-2/cat/1670.jpg,cat
gs://demo-cifar10-dataset-1012/span-2/cat/1815.jpg,cat
gs://demo-cifar10-dataset-1012/span-2/cat/4711.jpg,cat
gs://demo-cifar10-dataset-1012/span-2/cat/2629.jpg,cat
gs://demo-cifar10-dataset-1012/span-2/cat/2939.jpg,cat
gs://demo-cifar10-dataset-1012/span-2/cat/4358.jpg,cat
gs://demo-cifar10-dataset-1012/span-2/cat/3243.jpg,cat
gs://demo-cifar10-dataset-1012/span-2/cat/1221.jpg,cat
gs://demo-cifar10-dataset-1012/span-2/cat/0245.jpg,cat
gs://demo-cifar10-dataset-1012/span-2/cat/0531.jpg,cat
gs://demo-cifar10-dataset-1012/span-2/cat/0803.jpg,cat
gs://demo-cifar10-dataset-1012/span-2/cat/1957.jpg,cat
gs://demo-cifar10-dataset-1012/span-2/cat/4490.jpg,cat
gs://demo-cifar10-dataset-1012/span-2/cat/0454.jpg,cat
gs://demo-cifar10-dataset-1012/span-2/cat/2742.jpg,cat
gs://demo-cifar10-dataset-1012/span-2/cat/3804.jpg,cat
gs://demo-cifar10-dataset-1012/span-2/cat/1344.jpg,cat
gs://demo-cifar10-dataset-1012/span-2/cat/3744.jpg,cat
gs://demo-cifar10-dataset-1012/span-2/cat/3920.jpg,cat
gs://demo-cifar10-dataset-1012/span-2/cat/1568.jpg,cat
gs://demo-cifar10-dataset-1012/span-2/cat/1639.jpg,cat
gs://demo-cifar10-dataset-1012/span-2/cat/1193.jpg,cat
gs://demo-cifar10-dataset-1012/span-2/cat/4024.jpg,cat
gs://demo-cifar10-dataset-1012/span-2/cat/4325.jpg,cat
gs://demo-cifar10-dataset-1012/span-2/cat/2262.jpg,cat
gs://demo-cifar10-dataset-1012/span-2/cat/4033.jpg,cat
gs://demo-cifar10-dataset-1012/span-2/cat/2610.jpg,cat
gs://demo-cifar10-dataset-1012/span-2/cat/2218.jpg,cat
gs://demo-cifar10-dataset-1012/span-2/cat/1502.jpg,cat
gs://demo-cifar10-dataset-1012/span-2/cat/2724.jpg,cat
gs://demo-cifar10-dataset-1012/span-2/cat/1577.jpg,cat
gs://demo-cifar10-dataset-1012/span-2/cat/1384.jpg,cat
gs://demo-cifar10-dataset-1012/span-2/cat/1399.jpg,cat
gs://demo-cifar10-dataset-1012/span-2/cat/3670.jpg,cat
gs://demo-cifar10-dataset-1012/span-2/cat/4876.jpg,cat
gs://demo-cifar10-dataset-1012/span-2/cat/4316.jpg,cat
gs://demo-cifar10-dataset-1012/span-2/cat/0189.jpg,cat
gs://demo-cifar10-dataset-1012/span-2/cat/1879.jpg,cat
gs://demo-cifar10-dataset-1012/span-2/cat/0948.jpg,cat
gs://demo-cifar10-dataset-1012/span-2/cat/4333.jpg,cat
gs://demo-cifar10-dataset-1012/span-2/cat/4850.jpg,cat
gs://demo-cifar10-dataset-1012/span-2/cat/0725.jpg,cat
gs://demo-cifar10-dataset-1012/span-2/cat/3926.jpg,cat
gs://demo-cifar10-dataset-1012/span-2/cat/0400.jpg,cat
gs://demo-cifar10-dataset-1012/span-2/cat/3892.jpg,cat
gs://demo-cifar10-dataset-1012/span-2/cat/0047.jpg,cat
gs://demo-cifar10-dataset-1012/span-2/cat/3966.jpg,cat
gs://demo-cifar10-dataset-1012/span-2/cat/0491.jpg,cat
gs://demo-cifar10-dataset-1012/span-2/cat/0385.jpg,cat
gs://demo-cifar10-dataset-1012/span-2/cat/4238.jpg,cat
gs://demo-cifar10-dataset-1012/span-2/cat/2029.jpg,cat
gs://demo-cifar10-dataset-1012/span-2/cat/2133.jpg,cat
gs://demo-cifar10-dataset-1012/span-2/cat/4599.jpg,cat
gs://demo-cifar10-dataset-1012/span-2/cat/0297.jpg,cat
gs://demo-cifar10-dataset-1012/span-2/cat/1503.jpg,cat
gs://demo-cifar10-dataset-1012/span-2/cat/3265.jpg,cat
gs://demo-cifar10-dataset-1012/span-2/cat/1473.jpg,cat
gs://demo-cifar10-dataset-1012/span-2/cat/2118.jpg,cat
gs://demo-cifar10-dataset-1012/span-2/cat/4173.jpg,cat
gs://demo-cifar10-dataset-1012/span-2/cat/3964.jpg,cat
gs://demo-cifar10-dataset-1012/span-2/cat/0119.jpg,cat
gs://demo-cifar10-dataset-1012/span-2/cat/3300.jpg,cat
gs://demo-cifar10-dataset-1012/span-2/cat/2167.jpg,cat
gs://demo-cifar10-dataset-1012/span-2/cat/1749.jpg,cat
gs://demo-cifar10-dataset-1012/span-2/cat/3251.jpg,cat
gs://demo-cifar10-dataset-1012/span-2/cat/3182.jpg,cat
gs://demo-cifar10-dataset-1012/span-2/cat/3919.jpg,cat
gs://demo-cifar10-dataset-1012/span-2/cat/1702.jpg,cat
gs://demo-cifar10-dataset-1012/span-2/cat/3658.jpg,cat
gs://demo-cifar10-dataset-1012/span-2/cat/2568.jpg,cat
gs://demo-cifar10-dataset-1012/span-2/cat/1934.jpg,cat
gs://demo-cifar10-dataset-1012/span-2/cat/4020.jpg,cat
gs://demo-cifar10-dataset-1012/span-2/cat/1369.jpg,cat
gs://demo-cifar10-dataset-1012/span-2/cat/3573.jpg,cat
gs://demo-cifar10-dataset-1012/span-2/cat/2671.jpg,cat
gs://demo-cifar10-dataset-1012/span-2/cat/1321.jpg,cat
gs://demo-cifar10-dataset-1012/span-2/cat/1262.jpg,cat
gs://demo-cifar10-dataset-1012/span-2/cat/4468.jpg,cat
gs://demo-cifar10-dataset-1012/span-2/cat/3112.jpg,cat
gs://demo-cifar10-dataset-1012/span-2/cat/1898.jpg,cat
gs://demo-cifar10-dataset-1012/span-2/cat/0663.jpg,cat
gs://demo-cifar10-dataset-1012/span-2/cat/0271.jpg,cat
gs://demo-cifar10-dataset-1012/span-2/cat/1408.jpg,cat
gs://demo-cifar10-dataset-1012/span-2/cat/4969.jpg,cat
gs://demo-cifar10-dataset-1012/span-2/cat/0768.jpg,cat
gs://demo-cifar10-dataset-1012/span-2/cat/0969.jpg,cat
gs://demo-cifar10-dataset-1012/span-2/cat/0932.jpg,cat
gs://demo-cifar10-dataset-1012/span-2/cat/3968.jpg,cat
gs://demo-cifar10-dataset-1012/span-2/cat/1605.jpg,cat
gs://demo-cifar10-dataset-1012/span-2/cat/3046.jpg,cat
gs://demo-cifar10-dataset-1012/span-2/cat/4410.jpg,cat
gs://demo-cifar10-dataset-1012/span-2/cat/4356.jpg,cat
gs://demo-cifar10-dataset-1012/span-2/cat/0533.jpg,cat
gs://demo-cifar10-dataset-1012/span-2/cat/2341.jpg,cat
gs://demo-cifar10-dataset-1012/span-2/cat/1732.jpg,cat
gs://demo-cifar10-dataset-1012/span-2/cat/1258.jpg,cat
gs://demo-cifar10-dataset-1012/span-2/cat/0723.jpg,cat
gs://demo-cifar10-dataset-1012/span-2/cat/3403.jpg,cat
gs://demo-cifar10-dataset-1012/span-2/cat/1215.jpg,cat
gs://demo-cifar10-dataset-1012/span-2/cat/0362.jpg,cat
gs://demo-cifar10-dataset-1012/span-2/cat/0150.jpg,cat
gs://demo-cifar10-dataset-1012/span-2/cat/2994.jpg,cat
gs://demo-cifar10-dataset-1012/span-2/cat/2849.jpg,cat
gs://demo-cifar10-dataset-1012/span-2/cat/1113.jpg,cat
gs://demo-cifar10-dataset-1012/span-2/cat/1876.jpg,cat
gs://demo-cifar10-dataset-1012/span-2/cat/4528.jpg,cat
gs://demo-cifar10-dataset-1012/span-2/cat/0374.jpg,cat
gs://demo-cifar10-dataset-1012/span-2/cat/4371.jpg,cat
gs://demo-cifar10-dataset-1012/span-2/cat/1663.jpg,cat
gs://demo-cifar10-dataset-1012/span-2/cat/3231.jpg,cat
gs://demo-cifar10-dataset-1012/span-2/cat/0709.jpg,cat
gs://demo-cifar10-dataset-1012/span-2/cat/4063.jpg,cat
gs://demo-cifar10-dataset-1012/span-2/cat/0198.jpg,cat
gs://demo-cifar10-dataset-1012/span-2/cat/2572.jpg,cat
gs://demo-cifar10-dataset-1012/span-2/cat/2974.jpg,cat
gs://demo-cifar10-dataset-1012/span-2/cat/4673.jpg,cat
gs://demo-cifar10-dataset-1012/span-2/cat/0217.jpg,cat
gs://demo-cifar10-dataset-1012/span-2/cat/2160.jpg,cat
gs://demo-cifar10-dataset-1012/span-2/cat/1888.jpg,cat
gs://demo-cifar10-dataset-1012/span-2/cat/3630.jpg,cat
gs://demo-cifar10-dataset-1012/span-2/cat/2654.jpg,cat
gs://demo-cifar10-dataset-1012/span-2/cat/0758.jpg,cat
gs://demo-cifar10-dataset-1012/span-2/cat/1923.jpg,cat
gs://demo-cifar10-dataset-1012/span-2/cat/3320.jpg,cat
gs://demo-cifar10-dataset-1012/span-2/cat/4278.jpg,cat
gs://demo-cifar10-dataset-1012/span-2/cat/2444.jpg,cat
gs://demo-cifar10-dataset-1012/span-2/cat/0403.jpg,cat
gs://demo-cifar10-dataset-1012/span-2/cat/0840.jpg,cat
gs://demo-cifar10-dataset-1012/span-2/cat/4495.jpg,cat
gs://demo-cifar10-dataset-1012/span-2/cat/0354.jpg,cat
gs://demo-cifar10-dataset-1012/span-2/cat/3437.jpg,cat
gs://demo-cifar10-dataset-1012/span-2/cat/3278.jpg,cat
gs://demo-cifar10-dataset-1012/span-2/cat/4880.jpg,cat
gs://demo-cifar10-dataset-1012/span-2/cat/3395.jpg,cat
gs://demo-cifar10-dataset-1012/span-2/cat/0765.jpg,cat
gs://demo-cifar10-dataset-1012/span-2/cat/4693.jpg,cat
gs://demo-cifar10-dataset-1012/span-2/cat/1661.jpg,cat
gs://demo-cifar10-dataset-1012/span-2/cat/2369.jpg,cat
gs://demo-cifar10-dataset-1012/span-2/cat/1046.jpg,cat
gs://demo-cifar10-dataset-1012/span-2/cat/0861.jpg,cat
gs://demo-cifar10-dataset-1012/span-2/cat/2684.jpg,cat
gs://demo-cifar10-dataset-1012/span-2/cat/1512.jpg,cat
gs://demo-cifar10-dataset-1012/span-2/cat/2416.jpg,cat
gs://demo-cifar10-dataset-1012/span-2/cat/0460.jpg,cat
gs://demo-cifar10-dataset-1012/span-2/cat/2111.jpg,cat
gs://demo-cifar10-dataset-1012/span-2/cat/0572.jpg,cat
gs://demo-cifar10-dataset-1012/span-2/cat/1470.jpg,cat
gs://demo-cifar10-dataset-1012/span-2/cat/3633.jpg,cat
gs://demo-cifar10-dataset-1012/span-2/cat/2745.jpg,cat
gs://demo-cifar10-dataset-1012/span-2/cat/0230.jpg,cat
gs://demo-cifar10-dataset-1012/span-2/cat/1066.jpg,cat
gs://demo-cifar10-dataset-1012/span-2/cat/3729.jpg,cat
gs://demo-cifar10-dataset-1012/span-2/cat/4906.jpg,cat
gs://demo-cifar10-dataset-1012/span-2/cat/1176.jpg,cat
gs://demo-cifar10-dataset-1012/span-2/cat/0268.jpg,cat
gs://demo-cifar10-dataset-1012/span-2/cat/0380.jpg,cat
gs://demo-cifar10-dataset-1012/span-2/cat/4259.jpg,cat
gs://demo-cifar10-dataset-1012/span-2/cat/2557.jpg,cat
gs://demo-cifar10-dataset-1012/span-2/cat/0642.jpg,cat
gs://demo-cifar10-dataset-1012/span-2/cat/4126.jpg,cat
gs://demo-cifar10-dataset-1012/span-2/deer/0469.jpg,deer
gs://demo-cifar10-dataset-1012/span-2/deer/1664.jpg,deer
gs://demo-cifar10-dataset-1012/span-2/deer/1251.jpg,deer
gs://demo-cifar10-dataset-1012/span-2/deer/2112.jpg,deer
gs://demo-cifar10-dataset-1012/span-2/deer/0353.jpg,deer
gs://demo-cifar10-dataset-1012/span-2/deer/2691.jpg,deer
gs://demo-cifar10-dataset-1012/span-2/deer/3193.jpg,deer
gs://demo-cifar10-dataset-1012/span-2/deer/3738.jpg,deer
gs://demo-cifar10-dataset-1012/span-2/deer/3568.jpg,deer
gs://demo-cifar10-dataset-1012/span-2/deer/4419.jpg,deer
gs://demo-cifar10-dataset-1012/span-2/deer/4525.jpg,deer
gs://demo-cifar10-dataset-1012/span-2/deer/0975.jpg,deer
gs://demo-cifar10-dataset-1012/span-2/deer/3332.jpg,deer
gs://demo-cifar10-dataset-1012/span-2/deer/0284.jpg,deer
gs://demo-cifar10-dataset-1012/span-2/deer/0086.jpg,deer
gs://demo-cifar10-dataset-1012/span-2/deer/1260.jpg,deer
gs://demo-cifar10-dataset-1012/span-2/deer/1366.jpg,deer
gs://demo-cifar10-dataset-1012/span-2/deer/3802.jpg,deer
gs://demo-cifar10-dataset-1012/span-2/deer/0272.jpg,deer
gs://demo-cifar10-dataset-1012/span-2/deer/0177.jpg,deer
gs://demo-cifar10-dataset-1012/span-2/deer/1335.jpg,deer
gs://demo-cifar10-dataset-1012/span-2/deer/4947.jpg,deer
gs://demo-cifar10-dataset-1012/span-2/deer/4878.jpg,deer
gs://demo-cifar10-dataset-1012/span-2/deer/3025.jpg,deer
gs://demo-cifar10-dataset-1012/span-2/deer/0680.jpg,deer
gs://demo-cifar10-dataset-1012/span-2/deer/0023.jpg,deer
gs://demo-cifar10-dataset-1012/span-2/deer/2906.jpg,deer
gs://demo-cifar10-dataset-1012/span-2/deer/1860.jpg,deer
gs://demo-cifar10-dataset-1012/span-2/deer/3051.jpg,deer
gs://demo-cifar10-dataset-1012/span-2/deer/2996.jpg,deer
gs://demo-cifar10-dataset-1012/span-2/deer/3196.jpg,deer
gs://demo-cifar10-dataset-1012/span-2/deer/0125.jpg,deer
gs://demo-cifar10-dataset-1012/span-2/deer/1797.jpg,deer
gs://demo-cifar10-dataset-1012/span-2/deer/1833.jpg,deer
gs://demo-cifar10-dataset-1012/span-2/deer/1595.jpg,deer
gs://demo-cifar10-dataset-1012/span-2/deer/0400.jpg,deer
gs://demo-cifar10-dataset-1012/span-2/deer/4611.jpg,deer
gs://demo-cifar10-dataset-1012/span-2/deer/2030.jpg,deer
gs://demo-cifar10-dataset-1012/span-2/deer/2879.jpg,deer
gs://demo-cifar10-dataset-1012/span-2/deer/2296.jpg,deer
gs://demo-cifar10-dataset-1012/span-2/deer/2101.jpg,deer
gs://demo-cifar10-dataset-1012/span-2/deer/4615.jpg,deer
gs://demo-cifar10-dataset-1012/span-2/deer/0918.jpg,deer
gs://demo-cifar10-dataset-1012/span-2/deer/4882.jpg,deer
gs://demo-cifar10-dataset-1012/span-2/deer/4314.jpg,deer
gs://demo-cifar10-dataset-1012/span-2/deer/1984.jpg,deer
gs://demo-cifar10-dataset-1012/span-2/deer/1981.jpg,deer
gs://demo-cifar10-dataset-1012/span-2/deer/4637.jpg,deer
gs://demo-cifar10-dataset-1012/span-2/deer/0328.jpg,deer
gs://demo-cifar10-dataset-1012/span-2/deer/0521.jpg,deer
gs://demo-cifar10-dataset-1012/span-2/deer/4788.jpg,deer
gs://demo-cifar10-dataset-1012/span-2/deer/0813.jpg,deer
gs://demo-cifar10-dataset-1012/span-2/deer/1097.jpg,deer
gs://demo-cifar10-dataset-1012/span-2/deer/2387.jpg,deer
gs://demo-cifar10-dataset-1012/span-2/deer/4166.jpg,deer
gs://demo-cifar10-dataset-1012/span-2/deer/3308.jpg,deer
gs://demo-cifar10-dataset-1012/span-2/deer/1100.jpg,deer
gs://demo-cifar10-dataset-1012/span-2/deer/2423.jpg,deer
gs://demo-cifar10-dataset-1012/span-2/deer/3544.jpg,deer
gs://demo-cifar10-dataset-1012/span-2/deer/4680.jpg,deer
gs://demo-cifar10-dataset-1012/span-2/deer/2776.jpg,deer
gs://demo-cifar10-dataset-1012/span-2/deer/4541.jpg,deer
gs://demo-cifar10-dataset-1012/span-2/deer/1033.jpg,deer
gs://demo-cifar10-dataset-1012/span-2/deer/0989.jpg,deer
gs://demo-cifar10-dataset-1012/span-2/deer/0221.jpg,deer
gs://demo-cifar10-dataset-1012/span-2/deer/2443.jpg,deer
gs://demo-cifar10-dataset-1012/span-2/deer/4200.jpg,deer
gs://demo-cifar10-dataset-1012/span-2/deer/4707.jpg,deer
gs://demo-cifar10-dataset-1012/span-2/deer/2329.jpg,deer
gs://demo-cifar10-dataset-1012/span-2/deer/3478.jpg,deer
gs://demo-cifar10-dataset-1012/span-2/deer/3273.jpg,deer
gs://demo-cifar10-dataset-1012/span-2/deer/2858.jpg,deer
gs://demo-cifar10-dataset-1012/span-2/deer/3250.jpg,deer
gs://demo-cifar10-dataset-1012/span-2/deer/1017.jpg,deer
gs://demo-cifar10-dataset-1012/span-2/deer/4370.jpg,deer
gs://demo-cifar10-dataset-1012/span-2/deer/0255.jpg,deer
gs://demo-cifar10-dataset-1012/span-2/deer/3012.jpg,deer
gs://demo-cifar10-dataset-1012/span-2/deer/0768.jpg,deer
gs://demo-cifar10-dataset-1012/span-2/deer/3862.jpg,deer
gs://demo-cifar10-dataset-1012/span-2/deer/4171.jpg,deer
gs://demo-cifar10-dataset-1012/span-2/deer/2425.jpg,deer
gs://demo-cifar10-dataset-1012/span-2/deer/1050.jpg,deer
gs://demo-cifar10-dataset-1012/span-2/deer/3571.jpg,deer
gs://demo-cifar10-dataset-1012/span-2/deer/0092.jpg,deer
gs://demo-cifar10-dataset-1012/span-2/deer/2744.jpg,deer
gs://demo-cifar10-dataset-1012/span-2/deer/3905.jpg,deer
gs://demo-cifar10-dataset-1012/span-2/deer/3447.jpg,deer
gs://demo-cifar10-dataset-1012/span-2/deer/0870.jpg,deer
gs://demo-cifar10-dataset-1012/span-2/deer/0217.jpg,deer
gs://demo-cifar10-dataset-1012/span-2/deer/4870.jpg,deer
gs://demo-cifar10-dataset-1012/span-2/deer/1455.jpg,deer
gs://demo-cifar10-dataset-1012/span-2/deer/1385.jpg,deer
gs://demo-cifar10-dataset-1012/span-2/deer/2460.jpg,deer
gs://demo-cifar10-dataset-1012/span-2/deer/4196.jpg,deer
gs://demo-cifar10-dataset-1012/span-2/deer/2083.jpg,deer
gs://demo-cifar10-dataset-1012/span-2/deer/4338.jpg,deer
gs://demo-cifar10-dataset-1012/span-2/deer/0927.jpg,deer
gs://demo-cifar10-dataset-1012/span-2/deer/0326.jpg,deer
gs://demo-cifar10-dataset-1012/span-2/deer/3964.jpg,deer
gs://demo-cifar10-dataset-1012/span-2/deer/0630.jpg,deer
gs://demo-cifar10-dataset-1012/span-2/deer/3975.jpg,deer
gs://demo-cifar10-dataset-1012/span-2/deer/1662.jpg,deer
gs://demo-cifar10-dataset-1012/span-2/deer/2974.jpg,deer
gs://demo-cifar10-dataset-1012/span-2/deer/0358.jpg,deer
gs://demo-cifar10-dataset-1012/span-2/deer/3741.jpg,deer
gs://demo-cifar10-dataset-1012/span-2/deer/4202.jpg,deer
gs://demo-cifar10-dataset-1012/span-2/deer/1731.jpg,deer
gs://demo-cifar10-dataset-1012/span-2/deer/0136.jpg,deer
gs://demo-cifar10-dataset-1012/span-2/deer/3252.jpg,deer
gs://demo-cifar10-dataset-1012/span-2/deer/4702.jpg,deer
gs://demo-cifar10-dataset-1012/span-2/deer/2904.jpg,deer
gs://demo-cifar10-dataset-1012/span-2/deer/2111.jpg,deer
gs://demo-cifar10-dataset-1012/span-2/deer/1721.jpg,deer
gs://demo-cifar10-dataset-1012/span-2/deer/0552.jpg,deer
gs://demo-cifar10-dataset-1012/span-2/deer/4918.jpg,deer
gs://demo-cifar10-dataset-1012/span-2/deer/2834.jpg,deer
gs://demo-cifar10-dataset-1012/span-2/deer/2578.jpg,deer
gs://demo-cifar10-dataset-1012/span-2/deer/2292.jpg,deer
gs://demo-cifar10-dataset-1012/span-2/deer/4889.jpg,deer
gs://demo-cifar10-dataset-1012/span-2/deer/3794.jpg,deer
gs://demo-cifar10-dataset-1012/span-2/deer/3476.jpg,deer
gs://demo-cifar10-dataset-1012/span-2/deer/0998.jpg,deer
gs://demo-cifar10-dataset-1012/span-2/deer/4236.jpg,deer
gs://demo-cifar10-dataset-1012/span-2/deer/4574.jpg,deer
gs://demo-cifar10-dataset-1012/span-2/deer/4091.jpg,deer
gs://demo-cifar10-dataset-1012/span-2/deer/3242.jpg,deer
gs://demo-cifar10-dataset-1012/span-2/deer/3720.jpg,deer
gs://demo-cifar10-dataset-1012/span-2/deer/1209.jpg,deer
gs://demo-cifar10-dataset-1012/span-2/deer/0262.jpg,deer
gs://demo-cifar10-dataset-1012/span-2/deer/1559.jpg,deer
gs://demo-cifar10-dataset-1012/span-2/deer/2213.jpg,deer
gs://demo-cifar10-dataset-1012/span-2/deer/3318.jpg,deer
gs://demo-cifar10-dataset-1012/span-2/deer/1689.jpg,deer
gs://demo-cifar10-dataset-1012/span-2/deer/0316.jpg,deer
gs://demo-cifar10-dataset-1012/span-2/deer/3528.jpg,deer
gs://demo-cifar10-dataset-1012/span-2/deer/3997.jpg,deer
gs://demo-cifar10-dataset-1012/span-2/deer/1377.jpg,deer
gs://demo-cifar10-dataset-1012/span-2/deer/1960.jpg,deer
gs://demo-cifar10-dataset-1012/span-2/deer/4956.jpg,deer
gs://demo-cifar10-dataset-1012/span-2/deer/0670.jpg,deer
gs://demo-cifar10-dataset-1012/span-2/deer/4488.jpg,deer
gs://demo-cifar10-dataset-1012/span-2/deer/2650.jpg,deer
gs://demo-cifar10-dataset-1012/span-2/deer/3028.jpg,deer
gs://demo-cifar10-dataset-1012/span-2/deer/1692.jpg,deer
gs://demo-cifar10-dataset-1012/span-2/deer/0818.jpg,deer
gs://demo-cifar10-dataset-1012/span-2/deer/2920.jpg,deer
gs://demo-cifar10-dataset-1012/span-2/deer/0271.jpg,deer
gs://demo-cifar10-dataset-1012/span-2/deer/1009.jpg,deer
gs://demo-cifar10-dataset-1012/span-2/deer/2205.jpg,deer
gs://demo-cifar10-dataset-1012/span-2/deer/2600.jpg,deer
gs://demo-cifar10-dataset-1012/span-2/deer/4294.jpg,deer
gs://demo-cifar10-dataset-1012/span-2/deer/4819.jpg,deer
gs://demo-cifar10-dataset-1012/span-2/deer/0038.jpg,deer
gs://demo-cifar10-dataset-1012/span-2/deer/1657.jpg,deer
gs://demo-cifar10-dataset-1012/span-2/deer/4001.jpg,deer
gs://demo-cifar10-dataset-1012/span-2/deer/3752.jpg,deer
gs://demo-cifar10-dataset-1012/span-2/deer/3092.jpg,deer
gs://demo-cifar10-dataset-1012/span-2/deer/2183.jpg,deer
gs://demo-cifar10-dataset-1012/span-2/deer/3507.jpg,deer
gs://demo-cifar10-dataset-1012/span-2/deer/2369.jpg,deer
gs://demo-cifar10-dataset-1012/span-2/deer/4888.jpg,deer
gs://demo-cifar10-dataset-1012/span-2/deer/1581.jpg,deer
gs://demo-cifar10-dataset-1012/span-2/deer/1703.jpg,deer
gs://demo-cifar10-dataset-1012/span-2/deer/1270.jpg,deer
gs://demo-cifar10-dataset-1012/span-2/deer/4717.jpg,deer
gs://demo-cifar10-dataset-1012/span-2/deer/1864.jpg,deer
gs://demo-cifar10-dataset-1012/span-2/deer/1903.jpg,deer
gs://demo-cifar10-dataset-1012/span-2/deer/3947.jpg,deer
gs://demo-cifar10-dataset-1012/span-2/deer/1676.jpg,deer
gs://demo-cifar10-dataset-1012/span-2/deer/2082.jpg,deer
gs://demo-cifar10-dataset-1012/span-2/deer/2890.jpg,deer
gs://demo-cifar10-dataset-1012/span-2/deer/0948.jpg,deer
gs://demo-cifar10-dataset-1012/span-2/deer/2064.jpg,deer
gs://demo-cifar10-dataset-1012/span-2/deer/0036.jpg,deer
gs://demo-cifar10-dataset-1012/span-2/deer/2093.jpg,deer
gs://demo-cifar10-dataset-1012/span-2/deer/3920.jpg,deer
gs://demo-cifar10-dataset-1012/span-2/deer/0823.jpg,deer
gs://demo-cifar10-dataset-1012/span-2/deer/2290.jpg,deer
gs://demo-cifar10-dataset-1012/span-2/deer/4842.jpg,deer
gs://demo-cifar10-dataset-1012/span-2/deer/1920.jpg,deer
gs://demo-cifar10-dataset-1012/span-2/deer/0058.jpg,deer
gs://demo-cifar10-dataset-1012/span-2/deer/0267.jpg,deer
gs://demo-cifar10-dataset-1012/span-2/deer/4450.jpg,deer
gs://demo-cifar10-dataset-1012/span-2/deer/4099.jpg,deer
gs://demo-cifar10-dataset-1012/span-2/deer/1853.jpg,deer
gs://demo-cifar10-dataset-1012/span-2/deer/2079.jpg,deer
gs://demo-cifar10-dataset-1012/span-2/deer/2358.jpg,deer
gs://demo-cifar10-dataset-1012/span-2/deer/0638.jpg,deer
gs://demo-cifar10-dataset-1012/span-2/deer/0862.jpg,deer
gs://demo-cifar10-dataset-1012/span-2/deer/0499.jpg,deer
gs://demo-cifar10-dataset-1012/span-2/deer/0203.jpg,deer
gs://demo-cifar10-dataset-1012/span-2/deer/3016.jpg,deer
gs://demo-cifar10-dataset-1012/span-2/deer/0379.jpg,deer
gs://demo-cifar10-dataset-1012/span-2/deer/3695.jpg,deer
gs://demo-cifar10-dataset-1012/span-2/deer/4204.jpg,deer
gs://demo-cifar10-dataset-1012/span-2/deer/3686.jpg,deer
gs://demo-cifar10-dataset-1012/span-2/deer/2187.jpg,deer
gs://demo-cifar10-dataset-1012/span-2/deer/1396.jpg,deer
gs://demo-cifar10-dataset-1012/span-2/deer/3784.jpg,deer
gs://demo-cifar10-dataset-1012/span-2/deer/1738.jpg,deer
